Name,Position,Club,Market Value,Age,Primary Nationality,Secondary Nationality,Matches Played,Goals,Assists,Yellow Cards,Red Cards,Substituted In,Substituted Out,Second Yellow Cards,Own Goals
Erling Haaland,Centre-Forward,Manchester City,200000000,24,Norway,-,15,14,0,1,0,0,2,0,0
Vinicius Junior,Left Winger,Real Madrid,200000000,24,Brazil,Spain,13,5,7,4,0,1,7,0,0
Jude Bellingham,Attacking Midfield,Real Madrid,180000000,21,England,Ireland,11,1,2,3,0,0,5,0,0
Kylian Mbappé,Centre-Forward,Real Madrid,180000000,25,France,Cameroon,14,8,1,1,0,2,7,0,0
Lamine Yamal,Right Winger,FC Barcelona,150000000,17,Spain,Equatorial Guinea,14,5,6,2,0,1,9,0,0
Phil Foden,Right Winger,Manchester City,150000000,24,England,-,10,1,2,0,0,6,3,0,0
Bukayo Saka,Right Winger,Arsenal FC,140000000,23,England,Nigeria,13,3,7,2,0,0,9,0,0
Florian Wirtz,Attacking Midfield,Bayer 04 Leverkusen,130000000,21,Germany,-,15,7,3,3,0,3,4,0,0
Jamal Musiala,Attacking Midfield,Bayern Munich,130000000,21,Germany,England,10,4,6,1,0,1,5,0,0
Federico Valverde,Central Midfield,Real Madrid,130000000,26,Uruguay,Spain,13,3,2,3,0,0,2,0,0
Rodri,Defensive Midfield,Manchester City,130000000,28,Spain,-,4,0,0,0,0,1,2,0,0
Declan Rice,Defensive Midfield,Arsenal FC,120000000,25,England,Ireland,14,3,2,3,0,0,3,1,0
Rodrygo,Right Winger,Real Madrid,110000000,23,Brazil,Spain,12,3,2,0,0,4,7,0,0
Lautaro Martínez,Centre-Forward,Inter Milan,110000000,27,Argentina,-,8,3,3,0,0,2,4,0,0
Martin Ødegaard,Attacking Midfield,Arsenal FC,110000000,25,Norway,-,5,0,0,1,0,0,2,0,0
Eduardo Camavinga,Central Midfield,Real Madrid,100000000,21,France,Congo,5,1,1,2,0,1,4,0,0
Aurélien Tchouaméni,Defensive Midfield,Real Madrid,100000000,24,France,Cameroon,14,0,0,0,0,0,3,1,0
Harry Kane,Centre-Forward,Bayern Munich,100000000,31,England,-,13,15,6,1,0,1,6,0,0
Gavi,Central Midfield,FC Barcelona,90000000,20,Spain,-,0,0,0,0,0,0,0,0,0
Cole Palmer,Attacking Midfield,Chelsea FC,90000000,22,England,-,12,6,5,3,0,2,3,0,0
Bruno Guimarães,Defensive Midfield,Newcastle United,85000000,26,Brazil,Spain,10,0,1,3,0,2,2,0,0
Pedri,Central Midfield,FC Barcelona,80000000,21,Spain,-,15,2,2,1,0,4,8,0,0
Xavi Simons,Attacking Midfield,RB Leipzig,80000000,21,Netherlands,Suriname,14,4,2,3,0,0,5,0,0
Khvicha Kvaratskhelia,Left Winger,SSC Napoli,80000000,23,Georgia,-,14,5,3,2,0,1,7,0,0
William Saliba,Centre-Back,Arsenal FC,80000000,23,France,Cameroon,14,0,0,3,1,0,0,0,0
Luis Díaz,Left Winger,Liverpool FC,80000000,27,Colombia,-,10,5,1,0,0,3,6,0,0
Rúben Dias,Centre-Back,Manchester City,80000000,27,Portugal,-,15,0,0,5,0,2,0,0,1
Nicolò Barella,Central Midfield,Inter Milan,80000000,27,Italy,-,5,1,1,0,0,0,3,0,0
Moisés Caicedo,Defensive Midfield,Chelsea FC,75000000,22,Ecuador,-,10,0,2,2,0,1,2,0,0
Enzo Fernández,Central Midfield,Chelsea FC,75000000,23,Argentina,-,9,0,1,1,0,2,4,0,0
Julián Alvarez,Centre-Forward,Atlético de Madrid,75000000,24,Argentina,Italy,12,3,1,1,0,4,7,0,0
Alexis Mac Allister,Central Midfield,Liverpool FC,75000000,25,Argentina,Italy,11,1,0,3,0,2,3,0,0
Josko Gvardiol,Left-Back,Manchester City,75000000,22,Croatia,-,16,2,0,1,0,2,3,0,0
Dominik Szoboszlai,Central Midfield,Liverpool FC,75000000,23,Hungary,-,14,3,3,3,0,1,3,0,0
Gabriel Magalhães,Centre-Back,Arsenal FC,75000000,26,Brazil,-,11,2,0,1,0,1,0,0,0
Victor Osimhen,Centre-Forward,Galatasaray,75000000,25,Nigeria,-,5,3,4,0,0,1,2,0,0
Rafael Leão,Left Winger,AC Milan,75000000,25,Portugal,Angola,13,1,6,0,0,2,6,0,0
Alexander Isak,Centre-Forward,Newcastle United,75000000,25,Sweden,Eritrea,9,4,1,0,0,0,2,0,0
Kai Havertz,Centre-Forward,Arsenal FC,75000000,25,Germany,-,13,7,1,0,0,1,0,0,0
Nico Williams,Left Winger,Athletic Bilbao,70000000,22,Spain,Ghana,12,1,2,2,0,3,6,0,0
Ronald Araujo,Centre-Back,FC Barcelona,70000000,25,Uruguay,Spain,0,0,0,0,0,0,0,0,0
Viktor Gyökeres,Centre-Forward,Sporting CP,70000000,26,Sweden,Hungary,16,16,7,0,0,1,2,0,0
Alessandro Bastoni,Centre-Back,Inter Milan,70000000,25,Italy,-,12,0,1,0,0,0,5,0,0
Trent Alexander-Arnold,Right-Back,Liverpool FC,70000000,26,England,-,14,1,3,2,0,0,6,0,0
James Maddison,Attacking Midfield,Tottenham Hotspur,70000000,27,England,-,10,2,4,3,0,2,8,0,0
Bernardo Silva,Attacking Midfield,Manchester City,70000000,30,Portugal,-,14,2,3,4,0,3,3,0,0
Bradley Barcola,Left Winger,Paris Saint-Germain,65000000,22,France,Togo,14,9,1,0,0,3,7,0,0
Rasmus Højlund,Centre-Forward,Manchester United,65000000,21,Denmark,-,8,2,0,0,0,4,4,0,0
Michael Olise,Right Winger,Bayern Munich,65000000,22,France,England,13,6,3,0,0,3,10,0,0
Darwin Núñez,Centre-Forward,Liverpool FC,65000000,25,Uruguay,-,8,1,1,1,0,5,2,0,0
Jérémy Doku,Left Winger,Manchester City,65000000,22,Belgium,Ghana,15,2,3,0,0,3,9,0,0
Dušan Vlahović,Centre-Forward,Juventus FC,65000000,24,Serbia,-,10,7,1,0,0,0,2,0,0
Cristian Romero,Centre-Back,Tottenham Hotspur,65000000,26,Argentina,-,9,1,0,0,0,0,0,0,0
Christopher Nkunku,Attacking Midfield,Chelsea FC,65000000,26,France,DR Congo,14,8,0,0,0,8,5,0,0
Ollie Watkins,Centre-Forward,Aston Villa,65000000,28,England,-,12,5,5,0,0,2,9,0,0
Marcus Thuram,Centre-Forward,Inter Milan,65000000,27,France,Guadeloupe,11,7,3,0,0,2,7,0,0
Bruno Fernandes,Attacking Midfield,Manchester United,65000000,30,Portugal,-,16,1,7,2,1,1,2,1,0
Endrick,Centre-Forward,Real Madrid,60000000,18,Brazil,-,9,2,1,2,0,8,1,0,0
Warren Zaïre-Emery,Central Midfield,Paris Saint-Germain,60000000,18,France,Martinique,11,1,0,1,0,2,2,0,0
João Neves,Defensive Midfield,Paris Saint-Germain,60000000,20,Portugal,-,12,0,6,0,0,4,3,0,0
Gabriel Martinelli,Left Winger,Arsenal FC,60000000,23,Brazil,Italy,11,2,2,0,0,4,4,0,0
Bremer,Centre-Back,Juventus FC,60000000,27,Brazil,-,8,0,0,1,0,0,1,0,0
Anthony Gordon,Left Winger,Newcastle United,60000000,23,England,-,13,2,0,0,0,2,8,0,0
Eberechi Eze,Attacking Midfield,Crystal Palace,60000000,26,England,Nigeria,11,3,1,0,0,2,1,0,0
Martín Zubimendi,Defensive Midfield,Real Sociedad,60000000,25,Spain,-,15,2,0,2,0,2,0,0,0
Raphinha,Right Winger,FC Barcelona,60000000,27,Brazil,Italy,11,6,6,1,0,1,0,0,0
Éder Militão,Centre-Back,Real Madrid,60000000,26,Brazil,Spain,13,1,1,2,0,2,2,0,0
Achraf Hakimi,Right-Back,Paris Saint-Germain,60000000,25,Morocco,Spain,8,1,3,1,0,0,1,0,0
Loïs Openda,Centre-Forward,RB Leipzig,60000000,24,Belgium,Morocco,14,6,4,2,0,1,7,0,0
Theo Hernández,Left-Back,AC Milan,60000000,27,France,Spain,11,2,3,0,1,2,2,0,0
Frenkie de Jong,Central Midfield,FC Barcelona,60000000,27,Netherlands,-,2,0,0,0,0,2,0,0,0
Dani Olmo,Attacking Midfield,FC Barcelona,60000000,26,Spain,-,4,3,0,1,0,1,3,0,0
Ousmane Dembélé,Right Winger,Paris Saint-Germain,60000000,27,France,-,12,5,5,1,0,3,7,0,0
Marcus Rashford,Left Winger,Manchester United,60000000,26,England,St. Kitts & Nevis,12,4,3,1,0,1,8,0,0
Leroy Sané,Right Winger,Bayern Munich,60000000,28,Germany,France,5,1,0,0,0,5,0,0,0
Leny Yoro,Centre-Back,Manchester United,55000000,18,France,Cote d'Ivoire,0,0,0,0,0,0,0,0,0
Kobbie Mainoo,Central Midfield,Manchester United,55000000,19,England,Ghana,10,0,0,5,0,1,5,0,0
Nuno Mendes,Left-Back,Paris Saint-Germain,55000000,22,Portugal,-,10,1,5,1,0,1,1,0,0
Micky van de Ven,Centre-Back,Tottenham Hotspur,55000000,23,Netherlands,-,10,0,2,3,0,0,1,0,0
Vitinha,Central Midfield,Paris Saint-Germain,55000000,24,Portugal,-,10,1,0,0,0,1,5,0,0
Pedro Neto,Right Winger,Chelsea FC,55000000,24,Portugal,-,14,2,1,3,0,6,8,0,0
Amadou Onana,Defensive Midfield,Aston Villa,55000000,23,Belgium,Senegal,12,3,0,2,0,0,7,0,0
Douglas Luiz,Central Midfield,Juventus FC,55000000,26,Brazil,-,9,0,0,1,0,7,1,0,0
Lucas Paquetá,Attacking Midfield,West Ham United,55000000,27,Brazil,Portugal,10,2,0,3,0,3,5,0,0
Cody Gakpo,Left Winger,Liverpool FC,55000000,25,Netherlands,Togo,15,3,3,2,0,7,5,0,0
Dejan Kulusevski,Attacking Midfield,Tottenham Hotspur,55000000,24,Sweden,North Macedonia,15,2,3,2,0,4,1,0,0
Jules Koundé,Right-Back,FC Barcelona,55000000,25,France,Benin,15,1,1,1,0,2,0,0,0
Moussa Diaby,Right Winger,Al-Ittihad Club,55000000,25,France,Mali,8,1,8,2,0,1,0,0,0
Gabriel Jesus,Centre-Forward,Arsenal FC,55000000,27,Brazil,-,9,0,0,2,0,6,2,0,0
Teun Koopmeiners,Attacking Midfield,Juventus FC,55000000,26,Netherlands,-,7,0,1,0,0,1,1,0,0
Ben White,Right-Back,Arsenal FC,55000000,27,England,-,7,0,0,1,0,1,0,0,0
Matthijs de Ligt,Centre-Back,Manchester United,55000000,25,Netherlands,-,13,1,0,1,0,5,4,0,0
Jack Grealish,Left Winger,Manchester City,55000000,29,England,Ireland,13,2,2,2,0,4,5,0,0
Mohamed Salah,Right Winger,Liverpool FC,55000000,32,Egypt,-,11,7,6,0,0,1,3,0,0
Alejandro Garnacho,Left Winger,Manchester United,50000000,20,Argentina,Spain,12,5,3,1,0,6,3,0,0
Aleksandar Pavlovic,Defensive Midfield,Bayern Munich,50000000,20,Germany,Serbia,12,2,1,1,0,2,7,0,0
Savinho,Right Winger,Manchester City,50000000,20,Brazil,-,10,0,3,2,0,3,6,0,0
Fermín López,Central Midfield,FC Barcelona,50000000,21,Spain,-,3,0,0,1,0,3,0,0,0
Benjamin Sesko,Centre-Forward,RB Leipzig,50000000,21,Slovenia,-,14,10,3,0,0,0,11,0,0
João Pedro,Centre-Forward,Brighton & Hove Albion,50000000,23,Brazil,-,4,2,0,1,0,1,1,0,0
Levi Colwill,Centre-Back,Chelsea FC,50000000,21,England,-,11,0,0,3,0,1,1,0,0
Gonçalo Ramos,Centre-Forward,Paris Saint-Germain,50000000,23,Portugal,-,1,0,1,0,0,0,1,0,0
Álex Baena,Left Winger,Villarreal CF,50000000,23,Spain,-,11,2,5,3,0,2,7,0,0
Mohammed Kudus,Attacking Midfield,West Ham United,50000000,24,Ghana,-,10,2,1,0,1,2,3,0,0
Conor Gallagher,Central Midfield,Atlético de Madrid,50000000,24,England,Ireland,10,2,0,1,0,4,3,0,0
Jeremie Frimpong,Right Midfield,Bayer 04 Leverkusen,50000000,23,Netherlands,Ghana,12,1,5,5,0,5,3,0,0
Lisandro Martínez,Centre-Back,Manchester United,50000000,26,Argentina,-,10,0,0,4,0,0,2,0,0
Manuel Ugarte,Defensive Midfield,Manchester United,50000000,23,Uruguay,-,6,0,0,1,0,3,2,0,0
Joshua Zirkzee,Centre-Forward,Manchester United,50000000,23,Netherlands,Nigeria,14,2,1,1,0,7,6,0,0
Alphonso Davies,Left-Back,Bayern Munich,50000000,23,Canada,Liberia,12,0,1,0,0,2,1,0,0
Takefusa Kubo,Right Winger,Real Sociedad,50000000,23,Japan,-,11,2,0,1,0,4,4,0,0
Diogo Jota,Centre-Forward,Liverpool FC,50000000,27,Portugal,-,14,4,2,2,0,3,8,0,0
Mikel Merino,Central Midfield,Arsenal FC,50000000,28,Spain,-,5,0,0,0,0,3,2,0,0
Christian Pulisic,Right Winger,AC Milan,50000000,26,United States,Croatia,13,7,4,0,0,1,8,0,0
Jarrod Bowen,Right Winger,West Ham United,50000000,27,England,-,12,3,2,0,0,2,4,0,0
João Palhinha,Defensive Midfield,Bayern Munich,50000000,29,Portugal,-,9,0,0,2,0,6,2,0,0
Ivan Toney,Centre-Forward,Al-Ahli SFC,50000000,28,England,Jamaica,8,4,2,0,0,0,1,0,0
Federico Dimarco,Left-Back,Inter Milan,50000000,26,Italy,-,11,2,4,1,0,0,7,0,0
Marquinhos,Centre-Back,Paris Saint-Germain,50000000,30,Brazil,Portugal,8,0,0,2,0,1,1,0,0
Joshua Kimmich,Defensive Midfield,Bayern Munich,50000000,29,Germany,-,14,1,3,2,0,0,0,0,0
Brennan Johnson,Right Winger,Tottenham Hotspur,48000000,23,Wales,England,14,7,0,3,0,4,6,0,0
Arda Güler,Right Winger,Real Madrid,45000000,19,Türkiye,-,14,1,1,2,0,7,6,0,0
Victor Boniface,Centre-Forward,Bayer 04 Leverkusen,45000000,23,Nigeria,-,10,7,1,2,0,1,9,0,0
Evan Ferguson,Centre-Forward,Brighton & Hove Albion,45000000,20,Ireland,England,9,0,0,1,0,5,4,0,0
Giorgio Scalvini,Centre-Back,Atalanta BC,45000000,20,Italy,-,0,0,0,0,0,0,0,0,0
Pape Matar Sarr,Central Midfield,Tottenham Hotspur,45000000,22,Senegal,-,11,2,2,1,0,6,3,0,0
Johan Bakayoko,Right Winger,PSV Eindhoven,45000000,21,Belgium,Cote d'Ivoire,13,2,2,0,0,4,4,0,0
Edmond Tapsoba,Centre-Back,Bayer 04 Leverkusen,45000000,25,Burkina Faso,-,11,0,2,2,0,0,1,0,0
Destiny Udogie,Left-Back,Tottenham Hotspur,45000000,21,Italy,Nigeria,14,0,3,2,0,5,4,0,0
Pedro Porro,Right-Back,Tottenham Hotspur,45000000,25,Spain,-,11,1,1,1,0,0,2,0,0
Gonçalo Inácio,Centre-Back,Sporting CP,45000000,23,Portugal,-,12,1,2,2,0,1,4,0,0
Jonathan David,Centre-Forward,LOSC Lille,45000000,24,Canada,United States,17,10,3,2,0,4,6,0,0
Matheus Cunha,Centre-Forward,Wolverhampton Wanderers,45000000,25,Brazil,-,9,3,0,1,0,2,2,0,0
Kaoru Mitoma,Left Winger,Brighton & Hove Albion,45000000,27,Japan,-,8,1,2,0,0,1,3,0,0
Min-jae Kim,Centre-Back,Bayern Munich,45000000,27,"Korea, South",-,10,1,0,0,0,0,3,0,0
Riccardo Calafiori,Centre-Back,Arsenal FC,45000000,22,Italy,-,12,1,0,3,0,3,4,0,0
Giorgi Mamardashvili,Goalkeeper,Valencia CF,45000000,24,Georgia,-,13,0,0,0,0,0,0,0,0
Exequiel Palacios,Central Midfield,Bayer 04 Leverkusen,45000000,26,Argentina,-,5,0,2,0,0,4,1,0,0
Pau Torres,Centre-Back,Aston Villa,45000000,27,Spain,-,10,0,1,1,0,0,0,0,0
Marc Guéhi,Centre-Back,Crystal Palace,45000000,24,England,Cote d'Ivoire,12,1,0,1,0,1,0,0,0
Sven Botman,Centre-Back,Newcastle United,45000000,24,Netherlands,-,0,0,0,0,0,0,0,0,0
Diogo Costa,Goalkeeper,FC Porto,45000000,25,Portugal,Switzerland,15,0,0,0,0,0,0,0,0
Ibrahima Konaté,Centre-Back,Liverpool FC,45000000,25,France,Mali,13,2,1,6,0,1,1,0,0
Benjamin Pavard,Centre-Back,Inter Milan,45000000,28,France,-,7,0,1,1,0,2,0,0,0
Dayot Upamecano,Centre-Back,Bayern Munich,45000000,25,France,Guinea-Bissau,11,1,0,4,0,0,4,0,0
Manuel Akanji,Centre-Back,Manchester City,45000000,29,Switzerland,Nigeria,14,0,0,2,0,0,2,0,0
Dominic Solanke,Centre-Forward,Tottenham Hotspur,45000000,27,England,Nigeria,10,3,2,0,0,2,4,0,0
Alejandro Grimaldo,Left-Back,Bayer 04 Leverkusen,45000000,29,Spain,-,14,2,4,3,0,3,3,0,0
Hakan Çalhanoğlu,Defensive Midfield,Inter Milan,45000000,30,Türkiye,Germany,12,3,0,1,0,1,7,0,0
Heung-min Son,Left Winger,Tottenham Hotspur,45000000,32,"Korea, South",-,8,3,2,0,0,1,3,0,0
Kevin De Bruyne,Attacking Midfield,Manchester City,45000000,33,Belgium,-,8,3,1,2,0,1,3,0,0
Jarrad Branthwaite,Centre-Back,Everton FC,42000000,22,England,-,2,0,0,0,0,0,0,0,0
Enzo Millot,Attacking Midfield,VfB Stuttgart,42000000,22,France,Martinique,10,5,2,2,0,2,3,0,0
Leon Bailey,Right Winger,Aston Villa,42000000,27,Jamaica,-,9,0,1,2,0,2,7,0,0
Estêvão,Right Winger,Sociedade Esportiva Palmeiras,40000000,17,Brazil,-,0,0,0,0,0,0,0,0,0
Murillo,Centre-Back,Nottingham Forest,40000000,22,Brazil,-,7,0,0,1,0,0,0,0,0
Ousmane Diomande,Centre-Back,Sporting CP,40000000,20,Cote d'Ivoire,-,10,0,0,1,0,2,3,0,0
Pau Cubarsí,Centre-Back,FC Barcelona,40000000,17,Spain,-,12,0,1,2,0,2,6,0,0
Désiré Doué,Left Winger,Paris Saint-Germain,40000000,19,France,Cote d'Ivoire,7,0,1,0,0,4,2,0,0
Kenan Yıldız,Second Striker,Juventus FC,40000000,19,Türkiye,Germany,14,1,4,2,0,3,6,0,0
Mathys Tel,Left Winger,Bayern Munich,40000000,19,France,Guadeloupe,5,0,0,0,0,3,2,0,0
Nicolas Jackson,Centre-Forward,Chelsea FC,40000000,23,Senegal,The Gambia,9,5,3,4,0,1,6,0,0
João Gomes,Central Midfield,Wolverhampton Wanderers,40000000,23,Brazil,-,9,0,0,4,0,0,6,0,0
Rico Lewis,Right-Back,Manchester City,40000000,19,England,-,14,0,4,0,0,1,2,0,0
Willian Pacho,Centre-Back,Paris Saint-Germain,40000000,23,Ecuador,-,10,0,1,1,0,1,0,0,0
Piero Hincapié,Centre-Back,Bayer 04 Leverkusen,40000000,22,Ecuador,-,10,1,0,1,0,2,1,0,0
António Silva,Centre-Back,SL Benfica,40000000,20,Portugal,-,10,1,1,1,0,2,0,0,0
Alejandro Balde,Left-Back,FC Barcelona,40000000,21,Spain,Dominican Republic,10,0,1,1,0,2,5,0,0
Castello Lukeba,Centre-Back,RB Leipzig,40000000,21,France,Angola,9,0,0,1,0,1,1,0,0
Éderson,Central Midfield,Atalanta BC,40000000,25,Brazil,-,11,1,1,6,0,0,4,0,0
Matheus Nunes,Central Midfield,Manchester City,40000000,26,Portugal,Brazil,8,1,1,1,0,6,0,0,0
Oihan Sancet,Attacking Midfield,Athletic Bilbao,40000000,24,Spain,-,9,5,0,1,0,1,5,0,0
Santiago Gimenez,Centre-Forward,Feyenoord Rotterdam,40000000,23,Mexico,Italy,9,4,2,1,0,0,7,0,0
Randal Kolo Muani,Centre-Forward,Paris Saint-Germain,40000000,25,France,DR Congo,12,5,1,0,0,7,3,0,0
Ian Maatsen,Left-Back,Aston Villa,40000000,22,Netherlands,Suriname,10,0,0,1,0,9,1,0,0
Ryan Gravenberch,Central Midfield,Liverpool FC,40000000,22,Netherlands,Suriname,14,0,1,2,0,0,2,0,0
Morten Hjulmand,Defensive Midfield,Sporting CP,40000000,25,Denmark,-,13,0,1,3,0,1,6,0,0
Omar Marmoush,Centre-Forward,Eintracht Frankfurt,40000000,25,Egypt,Canada,10,10,6,1,0,0,4,0,0
Morgan Gibbs-White,Attacking Midfield,Nottingham Forest,40000000,24,England,Jamaica,7,1,0,1,0,1,3,1,0
Bryan Mbeumo,Right Winger,Brentford FC,40000000,25,Cameroon,France,9,6,0,2,0,1,1,0,0
Ademola Lookman,Second Striker,Atalanta BC,40000000,27,Nigeria,England,8,3,3,0,0,1,4,0,0
Nico Schlotterbeck,Centre-Back,Borussia Dortmund,40000000,24,Germany,-,12,0,3,4,0,0,1,1,0
Diogo Dalot,Right-Back,Manchester United,40000000,25,Portugal,-,15,1,1,2,0,1,1,0,1
Robin Le Normand,Centre-Back,Atlético de Madrid,40000000,27,Spain,France,10,0,0,4,1,0,0,0,0
Mikel Oyarzabal,Centre-Forward,Real Sociedad,40000000,27,Spain,-,13,1,1,2,1,3,7,0,0
Joelinton,Central Midfield,Newcastle United,40000000,28,Brazil,-,10,1,0,4,0,0,3,0,0
Donyell Malen,Right Winger,Borussia Dortmund,40000000,25,Netherlands,Suriname,11,1,1,0,0,7,4,0,0
Gianluigi Donnarumma,Goalkeeper,Paris Saint-Germain,40000000,25,Italy,-,10,0,0,2,0,0,0,0,0
Brahim Díaz,Attacking Midfield,Real Madrid,40000000,25,Morocco,Spain,6,1,1,0,0,4,2,0,0
Brais Méndez,Attacking Midfield,Real Sociedad,40000000,27,Spain,-,9,1,2,1,0,2,5,0,0
Lucas Hernández,Left-Back,Paris Saint-Germain,40000000,28,France,Spain,0,0,0,0,0,0,0,0,0
Serhou Guirassy,Centre-Forward,Borussia Dortmund,40000000,28,Guinea,France,7,7,1,0,0,1,2,0,0
Gregor Kobel,Goalkeeper,Borussia Dortmund,40000000,26,Switzerland,-,14,0,0,0,0,0,1,0,0
Kingsley Coman,Left Winger,Bayern Munich,40000000,28,France,Guadeloupe,9,2,1,0,0,6,3,0,0
Julian Brandt,Attacking Midfield,Borussia Dortmund,40000000,28,Germany,-,10,1,4,1,0,0,7,0,0
Nathan Aké,Centre-Back,Manchester City,40000000,29,Netherlands,Cote d'Ivoire,4,0,0,0,0,2,2,0,0
Serge Gnabry,Left Winger,Bayern Munich,40000000,29,Germany,Cote d'Ivoire,12,2,3,1,0,1,6,0,0
Maximilian Kilman,Centre-Back,West Ham United,38000000,27,England,Ukraine,10,0,1,3,0,0,0,0,0
Jurrien Timber,Centre-Back,Arsenal FC,38000000,23,Netherlands,Curacao,10,0,1,2,0,3,5,0,0
Sandro Tonali,Central Midfield,Newcastle United,38000000,24,Italy,-,11,0,2,1,0,3,5,0,0
Boubacar Kamara,Defensive Midfield,Aston Villa,38000000,24,France,Senegal,0,0,0,0,0,0,0,0,0
John Stones,Centre-Back,Manchester City,38000000,30,England,-,11,2,0,1,0,4,2,0,0
Mike Maignan,Goalkeeper,AC Milan,38000000,29,France,French Guiana,14,0,0,2,0,0,1,0,0
Samu Omorodion,Centre-Forward,FC Porto,35000000,20,Spain,Nigeria,7,7,0,2,0,2,3,0,0
Alan Varela,Defensive Midfield,FC Porto,35000000,23,Argentina,-,10,0,1,3,0,0,4,0,0
Evanilson,Centre-Forward,AFC Bournemouth,35000000,25,Brazil,-,9,1,0,1,0,2,7,0,0
Jamie Gittens,Left Winger,Borussia Dortmund,35000000,20,England,Barbados,11,4,3,2,0,6,4,0,0
Mohamed Simakan,Centre-Back,Al-Nassr FC,35000000,24,France,Guinea,10,0,0,1,0,1,3,1,0
Jhon Durán,Centre-Forward,Aston Villa,35000000,20,Colombia,-,11,6,0,3,0,10,0,0,0
Roméo Lavia,Defensive Midfield,Chelsea FC,35000000,20,Belgium,-,4,0,0,0,0,2,2,0,0
Georgiy Sudakov,Attacking Midfield,Shakhtar Donetsk,35000000,22,Ukraine,-,15,8,3,2,0,1,5,0,0
Malo Gusto,Right-Back,Chelsea FC,35000000,21,France,Martinique,8,0,1,1,0,1,2,0,0
Jean-Clair Todibo,Centre-Back,West Ham United,35000000,24,France,French Guiana,7,0,0,1,0,2,1,0,0
Rayan Aït-Nouri,Left-Back,Wolverhampton Wanderers,35000000,23,Algeria,France,9,2,2,3,0,0,5,0,0
Harvey Elliott,Central Midfield,Liverpool FC,35000000,21,England,-,1,0,0,0,0,1,0,0,0
Cheick Doucouré,Defensive Midfield,Crystal Palace,35000000,24,Mali,-,4,0,0,0,0,2,2,0,0
Mason Greenwood,Right Winger,Olympique Marseille,35000000,23,England,Jamaica,7,5,1,0,0,0,2,0,0
Noni Madueke,Right Winger,Chelsea FC,35000000,22,England,Nigeria,12,5,1,0,0,4,6,0,0
Tino Livramento,Right-Back,Newcastle United,35000000,21,England,Scotland,10,0,0,0,0,4,2,0,0
Karim Adeyemi,Left Winger,Borussia Dortmund,35000000,22,Germany,Nigeria,8,5,5,0,0,1,6,0,0
Nico González,Right Winger,Juventus FC,35000000,26,Argentina,Italy,6,1,1,0,0,1,4,0,0
Brian Brobbey,Centre-Forward,Ajax Amsterdam,35000000,22,Netherlands,Ghana,15,1,3,3,0,6,9,0,0
Reece James,Right-Back,Chelsea FC,35000000,24,England,-,1,0,0,0,0,0,1,0,0
Khéphren Thuram,Central Midfield,Juventus FC,35000000,23,France,Guadeloupe,7,0,1,2,0,4,3,0,0
Curtis Jones,Central Midfield,Liverpool FC,35000000,23,England,-,7,1,1,0,0,4,2,0,0
Quinten Timber,Central Midfield,Feyenoord Rotterdam,35000000,23,Netherlands,Curacao,14,3,1,2,0,3,4,0,0
Ezri Konsa,Centre-Back,Aston Villa,35000000,26,England,DR Congo,10,1,0,0,0,0,2,0,0
Yves Bissouma,Defensive Midfield,Tottenham Hotspur,35000000,28,Mali,Cote d'Ivoire,7,2,0,3,0,2,4,0,0
Joey Veerman,Central Midfield,PSV Eindhoven,35000000,25,Netherlands,-,9,1,5,0,0,0,5,0,0
Dávid Hancko,Centre-Back,Feyenoord Rotterdam,35000000,26,Slovakia,-,15,1,4,3,0,0,1,0,0
Edson Álvarez,Defensive Midfield,West Ham United,35000000,26,Mexico,-,9,0,0,3,0,3,4,1,0
Harvey Barnes,Left Winger,Newcastle United,35000000,26,England,Scotland,10,3,1,0,0,4,4,0,0
Davide Frattesi,Central Midfield,Inter Milan,35000000,25,Italy,-,13,4,1,0,0,6,4,0,0
Alessandro Buongiorno,Centre-Back,SSC Napoli,35000000,25,Italy,-,11,1,0,1,0,2,0,0,0
Axel Disasi,Centre-Back,Chelsea FC,35000000,26,France,DR Congo,6,0,1,1,0,1,3,0,0
Richarlison,Centre-Forward,Tottenham Hotspur,35000000,27,Brazil,-,3,0,0,0,0,3,0,0,0
Nayef Aguerd,Centre-Back,Real Sociedad,35000000,28,Morocco,-,7,0,0,1,0,1,2,0,0
Rodrigo Bentancur,Defensive Midfield,Tottenham Hotspur,35000000,27,Uruguay,-,9,0,1,3,0,3,4,0,0
Fabián Ruiz,Central Midfield,Paris Saint-Germain,35000000,28,Spain,-,13,3,1,1,0,5,6,0,0
Jerdy Schouten,Defensive Midfield,PSV Eindhoven,35000000,27,Netherlands,-,12,2,0,0,0,1,5,0,0
Mason Mount,Attacking Midfield,Manchester United,35000000,25,England,-,5,0,0,2,0,2,4,0,0
Artem Dovbyk,Centre-Forward,AS Roma,35000000,27,Ukraine,-,11,5,1,0,0,1,6,0,0
Takehiro Tomiyasu,Right-Back,Arsenal FC,35000000,25,Japan,-,1,0,0,0,0,1,0,0,0
Gianluca Scamacca,Centre-Forward,Atalanta BC,35000000,25,Italy,-,0,0,0,0,0,0,0,0,0
Guglielmo Vicario,Goalkeeper,Tottenham Hotspur,35000000,28,Italy,-,11,0,0,1,0,0,0,0,0
David Raya,Goalkeeper,Arsenal FC,35000000,29,Spain,-,14,0,0,2,0,0,0,0,0
Joachim Andersen,Centre-Back,Fulham FC,35000000,28,Denmark,-,9,0,1,2,1,0,0,0,0
Ederson,Goalkeeper,Manchester City,35000000,31,Brazil,Portugal,10,0,1,3,0,0,0,0,0
André Onana,Goalkeeper,Manchester United,35000000,28,Cameroon,-,11,0,0,0,0,0,0,0,0
Oleksandr Zinchenko,Left-Back,Arsenal FC,35000000,27,Ukraine,-,4,0,0,0,0,2,2,0,0
Leandro Trossard,Left Winger,Arsenal FC,35000000,29,Belgium,-,12,3,2,1,0,4,5,1,0
Raheem Sterling,Left Winger,Arsenal FC,35000000,29,England,Jamaica,6,1,1,0,0,3,3,0,0
Charles De Ketelaere,Attacking Midfield,Atalanta BC,34000000,23,Belgium,-,15,1,1,1,0,3,10,0,0
Ilya Zabarnyi,Centre-Back,AFC Bournemouth,32000000,22,Ukraine,-,12,0,0,0,0,0,0,0,0
Jacob Ramsey,Attacking Midfield,Aston Villa,32000000,23,England,-,11,1,2,0,0,5,5,0,0
Pedro Gonçalves,Left Winger,Sporting CP,32000000,26,Portugal,-,8,5,5,1,0,1,3,0,0
Lutsharel Geertruida,Right-Back,RB Leipzig,32000000,24,Netherlands,Curacao,14,0,0,0,0,5,2,0,0
Scott McTominay,Central Midfield,SSC Napoli,32000000,27,Scotland,England,13,4,1,1,0,5,0,0,0
Fikayo Tomori,Centre-Back,AC Milan,32000000,26,England,Canada,9,0,0,2,0,1,1,0,0
Rúben Neves,Defensive Midfield,Al-Hilal SFC,32000000,27,Portugal,-,13,0,3,2,0,2,3,0,0
Vitor Roque,Centre-Forward,Real Betis Balompié,30000000,19,Brazil,-,9,2,0,0,0,3,6,0,0
Jorrel Hato,Centre-Back,Ajax Amsterdam,30000000,18,Netherlands,Curacao,16,2,3,5,0,1,3,0,0
Lucas Beraldo,Centre-Back,Paris Saint-Germain,30000000,20,Brazil,-,7,0,0,3,0,1,1,0,0
Pablo Barrios,Central Midfield,Atlético de Madrid,30000000,21,Spain,-,6,0,1,1,0,1,0,0,0
Maghnes Akliouche,Right Winger,AS Monaco,30000000,22,France,Algeria,9,1,2,0,0,3,2,0,0
Adam Wharton,Defensive Midfield,Crystal Palace,30000000,20,England,-,8,0,1,0,0,1,4,0,0
Hugo Ekitiké,Centre-Forward,Eintracht Frankfurt,30000000,22,France,Cameroon,9,5,4,1,0,1,7,0,0
Samuel Lino,Left Midfield,Atlético de Madrid,30000000,24,Brazil,-,10,0,1,1,0,3,5,0,0
Elye Wahi,Centre-Forward,Olympique Marseille,30000000,21,France,Cote d'Ivoire,6,1,0,0,0,1,5,0,0
Simon Adingra,Right Winger,Brighton & Hove Albion,30000000,22,Cote d'Ivoire,-,7,3,1,0,0,4,1,0,0
Bilal El Khannouss,Attacking Midfield,Leicester City,30000000,20,Morocco,Belgium,6,0,1,0,0,3,3,0,0
Cristhian Mosquera,Centre-Back,Valencia CF,30000000,20,Spain,Colombia,9,0,0,2,0,0,0,0,0
Odilon Kossounou,Centre-Back,Atalanta BC,30000000,23,Cote d'Ivoire,-,3,0,0,1,0,0,2,0,0
Maximilian Beier,Centre-Forward,Borussia Dortmund,30000000,22,Germany,-,10,0,0,0,0,8,1,0,0
Youssouf Fofana,Defensive Midfield,AC Milan,30000000,25,France,Mali,13,1,0,3,0,4,3,0,0
Yéremy Pino,Right Winger,Villarreal CF,30000000,22,Spain,-,9,0,1,2,0,5,4,0,0
Mykhaylo Mudryk,Left Winger,Chelsea FC,30000000,23,Ukraine,-,11,1,3,0,0,3,3,0,0
Amine Adli,Left Winger,Bayer 04 Leverkusen,30000000,24,Morocco,France,11,0,0,1,0,6,5,0,0
Dani Vivian,Centre-Back,Athletic Bilbao,30000000,25,Spain,-,14,2,0,1,0,2,2,0,0
Pepê,Left Winger,FC Porto,30000000,27,Brazil,Italy,10,3,1,2,0,3,5,0,0
Kiernan Dewsbury-Hall,Central Midfield,Chelsea FC,30000000,26,England,-,7,1,0,1,0,3,0,0,0
Benoît Badiashile,Centre-Back,Chelsea FC,30000000,23,France,DR Congo,5,0,0,1,0,1,0,0,0
João Félix,Second Striker,Chelsea FC,30000000,24,Portugal,-,9,1,1,2,0,7,1,0,0
Tijjani Reijnders,Central Midfield,AC Milan,30000000,26,Netherlands,-,14,2,3,2,1,1,3,0,0
Andrea Cambiaso,Left-Back,Juventus FC,30000000,24,Italy,-,14,2,1,3,0,2,1,0,0
Jakub Kiwior,Centre-Back,Arsenal FC,30000000,24,Poland,-,8,0,0,0,0,5,2,0,0
Mats Wieffer,Defensive Midfield,Brighton & Hove Albion,30000000,24,Netherlands,-,7,0,1,1,0,5,1,0,0
Jadon Sancho,Left Winger,Chelsea FC,30000000,24,England,Jamaica,6,0,3,1,0,2,4,0,0
Ferran Torres,Right Winger,FC Barcelona,30000000,24,Spain,-,12,2,3,1,1,6,4,0,0
Ibrahim Sangaré,Defensive Midfield,Nottingham Forest,30000000,26,Cote d'Ivoire,-,4,0,0,3,0,1,2,0,0
Ferdi Kadıoğlu,Left-Back,Brighton & Hove Albion,30000000,25,Türkiye,Netherlands,12,2,0,1,0,4,5,0,0
Hiroki Ito,Centre-Back,Bayern Munich,30000000,25,Japan,-,0,0,0,0,0,0,0,0,0
Pervis Estupiñán,Left-Back,Brighton & Hove Albion,30000000,26,Ecuador,Spain,7,0,0,2,0,4,1,0,0
Federico Chiesa,Right Winger,Liverpool FC,30000000,26,Italy,-,3,0,1,0,0,2,1,0,0
Noussair Mazraoui,Right-Back,Manchester United,30000000,26,Morocco,Netherlands,11,0,1,1,0,2,3,0,0
Joe Willock,Central Midfield,Newcastle United,30000000,25,England,Montserrat,8,1,1,0,0,5,2,0,0
Eddie Nketiah,Centre-Forward,Crystal Palace,30000000,25,England,Ghana,5,1,0,2,0,0,3,0,0
Albert Gudmundsson,Second Striker,ACF Fiorentina,30000000,27,Iceland,-,5,3,0,0,0,2,3,0,0
Marc Cucurella,Left-Back,Chelsea FC,30000000,26,Spain,-,9,0,0,5,0,0,4,0,0
Tomas Soucek,Defensive Midfield,West Ham United,30000000,29,Czech Republic,-,14,3,0,4,0,2,4,0,0
Marcos Llorente,Right Midfield,Atlético de Madrid,30000000,29,Spain,-,10,2,2,0,1,1,2,0,0
Sergej Milinković-Savić,Central Midfield,Al-Hilal SFC,30000000,29,Serbia,Spain,12,3,2,1,0,0,4,0,0
Viktor Tsygankov,Right Winger,Girona FC,30000000,26,Ukraine,-,10,1,2,1,0,1,7,0,0
Aleksandr Golovin,Attacking Midfield,AS Monaco,30000000,28,Russia,-,8,0,0,0,0,3,2,0,0
Unai Simón,Goalkeeper,Athletic Bilbao,30000000,27,Spain,-,0,0,0,0,0,0,0,0,0
Rodrigo de Paul,Central Midfield,Atlético de Madrid,30000000,30,Argentina,Italy,11,0,1,3,0,5,5,0,0
Youri Tielemans,Central Midfield,Aston Villa,30000000,27,Belgium,DR Congo,14,2,4,2,0,0,5,0,0
Andrew Robertson,Left-Back,Liverpool FC,30000000,30,Scotland,-,14,0,0,3,0,2,5,0,0
Konrad Laimer,Central Midfield,Bayern Munich,30000000,27,Austria,-,11,1,0,2,0,5,4,0,0
Andreas Christensen,Centre-Back,FC Barcelona,30000000,28,Denmark,-,1,0,0,1,0,1,0,0,0
Jonathan Tah,Centre-Back,Bayer 04 Leverkusen,30000000,28,Germany,Cote d'Ivoire,14,1,0,2,0,1,1,0,0
John McGinn,Central Midfield,Aston Villa,30000000,30,Scotland,-,9,0,1,1,0,1,5,0,0
Adrien Rabiot,Central Midfield,Olympique Marseille,30000000,29,France,-,2,0,0,1,0,2,0,0,0
Virgil van Dijk,Centre-Back,Liverpool FC,30000000,33,Netherlands,Suriname,13,1,0,2,0,0,0,1,0
Romelu Lukaku,Centre-Forward,SSC Napoli,30000000,31,Belgium,DR Congo,7,3,5,1,0,2,5,0,0
Neymar,Left Winger,Al-Hilal SFC,30000000,32,Brazil,-,0,0,0,0,0,0,0,0,0
Mateo Kovacic,Central Midfield,Manchester City,30000000,30,Croatia,-,11,3,0,3,0,1,4,0,0
Yankuba Minteh,Right Winger,Brighton & Hove Albion,28000000,20,The Gambia,-,8,1,1,2,0,2,6,0,0
Hugo Larsson,Central Midfield,Eintracht Frankfurt,28000000,20,Sweden,-,12,2,1,1,0,3,7,0,0
Danilo,Defensive Midfield,Nottingham Forest,28000000,23,Brazil,-,1,0,0,0,0,0,1,0,0
Mateo Retegui,Centre-Forward,Atalanta BC,28000000,25,Italy,Argentina,15,10,3,2,0,4,10,0,0
Georginio Rutter,Centre-Forward,Brighton & Hove Albion,28000000,22,France,Martinique,9,2,2,0,0,3,5,0,0
Josip Stanisic,Right-Back,Bayern Munich,28000000,24,Croatia,Germany,1,0,0,0,0,0,0,0,0
David Neres,Right Winger,SSC Napoli,28000000,27,Brazil,-,8,2,4,0,0,7,1,0,0
Samuele Ricci,Defensive Midfield,Torino FC,28000000,23,Italy,-,14,0,1,2,0,2,6,0,0
Orkun Kökçü,Central Midfield,SL Benfica,28000000,23,Türkiye,Netherlands,13,4,3,4,0,3,7,0,0
Angelo Stiller,Defensive Midfield,VfB Stuttgart,28000000,23,Germany,-,14,1,1,1,0,2,3,0,0
Matty Cash,Right-Back,Aston Villa,28000000,27,Poland,England,4,0,0,0,0,0,2,0,0
Nahuel Molina,Right-Back,Atlético de Madrid,28000000,26,Argentina,-,9,0,0,0,0,3,4,0,0
Vitaliy Mykolenko,Left-Back,Everton FC,28000000,25,Ukraine,-,9,0,2,0,0,0,1,0,0
Angel Gomes,Attacking Midfield,LOSC Lille,28000000,24,England,Portugal,13,1,2,1,0,2,6,1,0
Emile Smith Rowe,Attacking Midfield,Fulham FC,28000000,24,England,-,10,2,1,1,0,3,7,0,0
Yoane Wissa,Centre-Forward,Brentford FC,28000000,28,DR Congo,France,6,3,1,1,0,2,3,0,0
Deniz Undav,Centre-Forward,VfB Stuttgart,28000000,28,Germany,Türkiye,13,9,2,1,0,3,7,0,0
Ermedin Demirovic,Centre-Forward,VfB Stuttgart,28000000,26,Bosnia-Herzegovina,-,14,7,1,3,0,3,8,0,0
Denis Zakaria,Defensive Midfield,AS Monaco,28000000,27,Switzerland,DR Congo,12,3,1,2,0,2,3,0,0
Malcom,Right Winger,Al-Hilal SFC,28000000,27,Brazil,Russia,8,2,4,1,0,0,6,0,0
Mathias Jensen,Central Midfield,Brentford FC,28000000,28,Denmark,-,4,0,1,1,0,1,2,0,0
Taiwo Awoniyi,Centre-Forward,Nottingham Forest,28000000,27,Nigeria,-,5,0,0,0,0,3,1,0,0
Manuel Locatelli,Defensive Midfield,Juventus FC,28000000,26,Italy,-,8,0,0,2,0,0,6,0,0
Joe Gomez,Centre-Back,Liverpool FC,28000000,27,England,The Gambia,4,0,0,0,0,3,0,0,0
Xaver Schlager,Central Midfield,RB Leipzig,28000000,27,Austria,-,0,0,0,0,0,0,0,0,0
Stanislav Lobotka,Defensive Midfield,SSC Napoli,28000000,29,Slovakia,-,13,0,1,2,0,0,6,0,0
Luke Shaw,Left-Back,Manchester United,28000000,29,England,-,0,0,0,0,0,0,0,0,0
Jan Oblak,Goalkeeper,Atlético de Madrid,28000000,31,Slovenia,-,14,0,0,0,0,0,0,0,0
Emiliano Martínez,Goalkeeper,Aston Villa,28000000,32,Argentina,Spain,10,0,0,1,0,0,0,0,0
Alisson,Goalkeeper,Liverpool FC,28000000,32,Brazil,-,8,0,0,0,0,0,1,0,0
Aleksandar Mitrović,Centre-Forward,Al-Hilal SFC,28000000,30,Serbia,-,14,15,2,2,0,1,3,0,0
Thiago Almada,Attacking Midfield,Botafogo de Futebol e Regatas,27000000,23,Argentina,Italy,0,0,0,0,0,0,0,0,0
Galeno,Left Winger,FC Porto,27000000,26,Brazil,Portugal,11,8,0,1,0,1,3,0,0
Frank Anguissa,Central Midfield,SSC Napoli,27000000,28,Cameroon,-,10,1,0,3,0,1,0,0,0
Olivier Boscagli,Centre-Back,PSV Eindhoven,27000000,26,France,Monaco,11,0,3,0,0,0,1,0,0
Oscar Gloukh,Attacking Midfield,Red Bull Salzburg,25000000,20,Israel,-,18,5,4,1,0,4,5,0,0
Arthur Vermeeren,Central Midfield,RB Leipzig,25000000,19,Belgium,-,8,0,0,1,0,5,3,0,0
Archie Gray,Central Midfield,Tottenham Hotspur,25000000,18,England,Scotland,8,0,0,0,0,5,0,0,0
Karim Konaté,Centre-Forward,Red Bull Salzburg,25000000,20,Cote d'Ivoire,-,9,5,1,0,0,2,2,0,0
André,Defensive Midfield,Wolverhampton Wanderers,25000000,23,Brazil,-,6,0,0,2,0,1,3,0,0
Igor Thiago,Centre-Forward,Brentford FC,25000000,23,Brazil,Bulgaria,0,0,0,0,0,0,0,0,0
Tyrick Mitchell,Left-Back,Crystal Palace,25000000,25,England,Jamaica,9,0,1,0,0,0,2,0,0
Lesley Ugochukwu,Defensive Midfield,Southampton FC,25000000,20,France,Nigeria,5,0,0,0,0,1,4,0,0
Brajan Gruda,Right Winger,Brighton & Hove Albion,25000000,20,Germany,Albania,1,0,0,0,0,1,0,0,0
Gabri Veiga,Central Midfield,Al-Ahli SFC,25000000,22,Spain,-,11,2,1,2,0,4,3,0,0
Matías Soulé,Right Winger,AS Roma,25000000,21,Argentina,Italy,8,0,0,1,0,2,6,0,0
Marcos Leonardo,Centre-Forward,Al-Hilal SFC,25000000,21,Brazil,-,10,5,0,1,0,3,5,0,0
Oscar Bobb,Right Winger,Manchester City,25000000,21,Norway,The Gambia,1,0,1,0,0,0,1,0,0
Wilfried Singo,Centre-Back,AS Monaco,25000000,23,Cote d'Ivoire,-,8,0,1,0,0,2,0,0,0
Yan Couto,Right-Back,Borussia Dortmund,25000000,22,Brazil,Portugal,7,0,1,2,0,4,2,0,0
Aaron Hickey,Right-Back,Brentford FC,25000000,22,Scotland,-,0,0,0,0,0,0,0,0,0
Anthony Elanga,Right Winger,Nottingham Forest,25000000,22,Sweden,Cameroon,10,0,1,1,0,5,4,0,0
Radu Drăgușin,Centre-Back,Tottenham Hotspur,25000000,22,Romania,-,8,1,0,1,1,1,1,0,0
Kang-in Lee,Attacking Midfield,Paris Saint-Germain,25000000,23,"Korea, South",-,10,4,0,0,0,5,2,0,0
Anatoliy Trubin,Goalkeeper,SL Benfica,25000000,23,Ukraine,-,13,0,0,0,0,0,0,0,0
Miguel Gutiérrez,Left-Back,Girona FC,25000000,23,Spain,-,11,0,1,0,0,0,0,0,0
Federico Gatti,Centre-Back,Juventus FC,25000000,26,Italy,-,9,0,0,1,0,1,3,0,0
Folarin Balogun,Centre-Forward,AS Monaco,25000000,23,United States,England,10,3,2,2,0,3,4,0,0
Edon Zhegrova,Right Winger,LOSC Lille,25000000,25,Kosovo,Germany,15,7,1,2,0,2,6,0,0
Wesley Fofana,Centre-Back,Chelsea FC,25000000,23,France,Cote d'Ivoire,7,0,0,5,0,0,1,0,0
Facundo Medina,Centre-Back,RC Lens,25000000,25,Argentina,-,9,0,0,4,1,0,1,0,0
Nathan Collins,Centre-Back,Brentford FC,25000000,23,Ireland,-,13,1,0,1,0,1,0,0,0
Malik Tillman,Attacking Midfield,PSV Eindhoven,25000000,22,United States,Germany,16,4,2,2,0,3,7,0,0
Mattéo Guendouzi,Central Midfield,SS Lazio,25000000,25,France,Morocco,12,2,1,2,0,1,4,0,0
Lucas Chevalier,Goalkeeper,LOSC Lille,25000000,22,France,-,14,0,0,0,0,0,0,0,0
Rodrigo Riquelme,Left Winger,Atlético de Madrid,25000000,24,Spain,-,9,0,0,0,0,5,3,0,0
Yann Bisseck,Centre-Back,Inter Milan,25000000,23,Germany,Cameroon,5,0,0,1,0,1,2,0,0
Jørgen Strand Larsen,Centre-Forward,Wolverhampton Wanderers,25000000,24,Norway,-,12,3,2,0,0,4,6,0,0
Amine Gouiri,Centre-Forward,Stade Rennais FC,25000000,24,Algeria,France,8,1,1,0,0,3,2,0,0
Andriy Lunin,Goalkeeper,Real Madrid,25000000,25,Ukraine,-,2,0,0,0,0,0,0,0,0
Yangel Herrera,Central Midfield,Girona FC,25000000,26,Venezuela,Spain,10,1,1,4,0,1,5,0,1
Evan Ndicka,Centre-Back,AS Roma,25000000,25,Cote d'Ivoire,France,9,0,0,0,0,0,0,0,0
Antonee Robinson,Left-Back,Fulham FC,25000000,27,United States,England,10,0,2,1,0,0,2,0,0
Sean Longstaff,Central Midfield,Newcastle United,25000000,26,England,-,9,0,0,2,0,4,3,0,0
Tammy Abraham,Centre-Forward,AC Milan,25000000,27,England,Nigeria,9,1,2,0,0,4,5,0,0
Vangelis Pavlidis,Centre-Forward,SL Benfica,25000000,25,Greece,-,13,4,2,1,0,2,8,0,0
David Raum,Left-Back,RB Leipzig,25000000,26,Germany,-,11,0,1,2,0,0,5,0,0
Hee-chan Hwang,Centre-Forward,Wolverhampton Wanderers,25000000,28,"Korea, South",-,8,0,0,0,0,5,2,0,0
Kevin Danso,Centre-Back,RC Lens,25000000,26,Austria,-,4,0,0,1,0,0,0,0,0
Gianluca Mancini,Centre-Back,AS Roma,25000000,28,Italy,-,8,0,0,1,0,0,1,0,0
Iñaki Williams,Right Winger,Athletic Bilbao,25000000,30,Ghana,Spain,12,4,4,0,0,1,3,0,0
Alex Iwobi,Left Winger,Fulham FC,25000000,28,Nigeria,England,10,1,1,0,0,2,3,0,0
Alexander Sørloth,Centre-Forward,Atlético de Madrid,25000000,28,Norway,-,16,5,4,0,0,5,10,0,0
Otávio,Attacking Midfield,Al-Nassr FC,25000000,29,Portugal,Brazil,13,0,1,2,0,1,4,0,0
Fabinho,Defensive Midfield,Al-Ittihad Club,25000000,30,Brazil,-,8,1,0,2,0,0,1,0,0
Álex Remiro,Goalkeeper,Real Sociedad,25000000,29,Spain,-,12,0,0,0,0,0,0,0,0
Ruben Loftus-Cheek,Central Midfield,AC Milan,25000000,28,England,Guyana,9,0,0,1,0,3,1,0,0
João Cancelo,Right-Back,Al-Hilal SFC,25000000,30,Portugal,-,9,1,3,1,0,0,5,0,0
Kurt Zouma,Centre-Back,Al-Orobah FC,25000000,29,France,Central African Republic,5,0,0,0,0,0,0,0,0
Antoine Griezmann,Centre-Forward,Atlético de Madrid,25000000,33,France,-,14,4,5,1,0,3,8,0,0
Thibaut Courtois,Goalkeeper,Real Madrid,25000000,32,Belgium,-,11,0,0,0,0,0,0,0,1
Antonio Rüdiger,Centre-Back,Real Madrid,25000000,31,Germany,Sierra Leone,15,1,0,2,0,1,0,0,0
Lionel Messi,Right Winger,Inter Miami CF,25000000,37,Argentina,Spain,0,0,0,0,0,0,0,0,0
Luis Guilherme,Right Winger,West Ham United,24000000,18,Brazil,-,2,0,0,0,0,1,1,0,0
Lewis Ferguson,Attacking Midfield,Bologna FC 1909,24000000,25,Scotland,-,0,0,0,0,0,0,0,0,0
Weston McKennie,Central Midfield,Juventus FC,24000000,26,United States,-,6,1,0,1,0,2,3,0,0
Waldemar Anton,Centre-Back,Borussia Dortmund,24000000,28,Germany,-,13,1,0,3,0,4,0,0,0
Quilindschy Hartman,Left-Back,Feyenoord Rotterdam,23000000,22,Netherlands,Curacao,0,0,0,0,0,0,0,0,0
Daniel Muñoz,Right-Back,Crystal Palace,23000000,28,Colombia,-,9,0,0,2,0,0,3,0,0
Pedro,Centre-Forward,CR Flamengo,23000000,27,Brazil,-,0,0,0,0,0,0,0,0,0
Trincão,Right Winger,Sporting CP,23000000,24,Portugal,-,13,3,5,0,0,1,8,0,0
Nathan Tella,Right Midfield,Bayer 04 Leverkusen,23000000,25,Nigeria,England,7,0,0,0,0,4,3,0,0
Carlos Baleba,Defensive Midfield,Brighton & Hove Albion,22000000,20,Cameroon,-,9,2,2,1,0,1,4,0,0
Lewis Miley,Central Midfield,Newcastle United,22000000,18,England,-,0,0,0,0,0,0,0,0,0
Antonio Nusa,Left Winger,RB Leipzig,22000000,19,Norway,Nigeria,18,2,3,0,0,8,8,0,0
Michael Kayode,Right-Back,ACF Fiorentina,22000000,20,Italy,Nigeria,5,0,0,0,0,3,2,0,0
Lewis Hall,Left-Back,Newcastle United,22000000,20,England,-,11,0,2,4,0,4,2,0,0
Julio Enciso,Attacking Midfield,Brighton & Hove Albion,22000000,20,Paraguay,-,8,0,1,0,0,6,2,0,0
Jarell Quansah,Centre-Back,Liverpool FC,22000000,21,England,Scotland,3,0,0,2,0,0,2,0,1
Aitor Paredes,Centre-Back,Athletic Bilbao,22000000,24,Spain,-,7,2,0,1,0,0,1,1,0
Carlos Augusto,Left-Back,Inter Milan,22000000,25,Brazil,Italy,8,0,1,0,0,5,0,0,0
Dwight McNeil,Left Winger,Everton FC,22000000,24,England,-,10,4,3,1,0,0,1,0,0
Jan Paul van Hecke,Centre-Back,Brighton & Hove Albion,22000000,24,Netherlands,-,7,0,1,1,0,2,0,0,0
Elliot Anderson,Central Midfield,Nottingham Forest,22000000,21,England,Scotland,9,0,1,1,0,2,7,0,0
Bart Verbruggen,Goalkeeper,Brighton & Hove Albion,22000000,22,Netherlands,-,11,0,0,2,0,0,0,0,0
Zeno Debast,Centre-Back,Sporting CP,22000000,20,Belgium,-,15,1,1,1,0,4,3,0,0
Fábio Vieira,Attacking Midfield,FC Porto,22000000,24,Portugal,-,3,0,0,0,0,3,0,0,0
Amad Diallo,Right Winger,Manchester United,22000000,22,Cote d'Ivoire,Italy,10,1,1,1,0,3,6,0,0
Jesper Lindstrøm,Attacking Midfield,Everton FC,22000000,24,Denmark,-,7,0,1,1,0,2,3,0,0
James Garner,Defensive Midfield,Everton FC,22000000,23,England,-,5,0,0,1,0,2,1,0,0
Yunus Musah,Central Midfield,AC Milan,22000000,21,United States,England,10,1,1,0,0,5,5,0,0
Taylor Harwood-Bellis,Centre-Back,Southampton FC,22000000,22,England,-,10,2,0,3,0,1,3,0,0
Morgan Rogers,Attacking Midfield,Aston Villa,22000000,22,England,-,11,4,2,2,0,0,4,0,0
Francisco Conceição,Right Winger,Juventus FC,22000000,21,Portugal,-,5,2,1,1,0,3,1,1,0
Crysencio Summerville,Left Winger,West Ham United,22000000,22,Netherlands,Suriname,9,0,0,0,0,6,2,0,0
Kevin Schade,Left Winger,Brentford FC,22000000,22,Germany,Nigeria,11,0,1,0,0,4,6,0,0
Marcos Senesi,Centre-Back,AFC Bournemouth,22000000,27,Argentina,Italy,7,0,0,3,0,0,1,0,0
Youssef En-Nesyri,Centre-Forward,Fenerbahce,22000000,27,Morocco,-,12,1,0,1,0,8,4,0,0
Aaron Ramsdale,Goalkeeper,Southampton FC,22000000,26,England,-,6,0,0,0,0,0,0,0,0
Callum Hudson-Odoi,Left Winger,Nottingham Forest,22000000,23,England,Ghana,8,1,0,1,0,3,4,0,0
Dan Ndoye,Right Winger,Bologna FC 1909,22000000,23,Switzerland,Senegal,10,0,1,0,0,1,6,0,0
Sergiño Dest,Right-Back,PSV Eindhoven,22000000,23,United States,Netherlands,0,0,0,0,0,0,0,0,0
Igor Zubeldia,Centre-Back,Real Sociedad,22000000,27,Spain,-,9,0,0,2,0,0,2,0,0
Kalvin Phillips,Defensive Midfield,Ipswich Town,22000000,28,England,Jamaica,6,0,0,1,0,0,5,0,0
Konstantinos Tsimikas,Left-Back,Liverpool FC,22000000,28,Greece,-,10,0,1,2,0,5,2,0,0
Pepelu,Defensive Midfield,Valencia CF,22000000,26,Spain,-,9,0,1,4,0,0,2,0,0
Ben Chilwell,Left-Back,Chelsea FC,22000000,27,England,New Zealand,1,0,0,0,0,1,0,0,0
Dominic Calvert-Lewin,Centre-Forward,Everton FC,22000000,27,England,-,8,2,1,1,0,0,3,0,0
Ferland Mendy,Left-Back,Real Madrid,22000000,29,France,Senegal,11,0,0,1,1,1,4,0,0
Sofyan Amrabat,Defensive Midfield,Fenerbahce,22000000,28,Morocco,Netherlands,10,0,1,1,0,3,0,0,0
Lorenzo Pellegrini,Attacking Midfield,AS Roma,22000000,28,Italy,-,10,0,1,1,1,2,5,0,0
Chris Führich,Left Winger,VfB Stuttgart,22000000,26,Germany,-,12,0,0,0,0,7,5,0,0
Vitaly Janelt,Defensive Midfield,Brentford FC,22000000,26,Germany,-,9,0,1,1,0,0,6,0,0
José María Giménez,Centre-Back,Atlético de Madrid,22000000,29,Uruguay,Spain,11,1,0,3,0,3,0,0,0
Patrik Schick,Centre-Forward,Bayer 04 Leverkusen,22000000,28,Czech Republic,-,10,1,0,0,0,7,2,0,0
James Ward-Prowse,Central Midfield,Nottingham Forest,22000000,29,England,-,6,0,0,0,0,1,3,1,0
Piotr Zieliński,Central Midfield,Inter Milan,22000000,30,Poland,Italy,10,2,0,1,0,4,4,0,0
Leon Goretzka,Central Midfield,Bayern Munich,22000000,29,Germany,-,4,1,0,0,0,4,0,0,0
Jordan Pickford,Goalkeeper,Everton FC,22000000,30,England,-,12,0,0,1,0,0,0,0,0
Barış Alper Yılmaz,Right Winger,Galatasaray,21000000,24,Türkiye,-,16,4,1,2,0,3,9,1,0
Jeanuël Belocian,Centre-Back,Bayer 04 Leverkusen,20000000,19,France,Guadeloupe,6,0,0,1,0,3,2,0,0
Habib Diarra,Attacking Midfield,RC Strasbourg Alsace,20000000,20,Senegal,France,8,2,0,1,0,0,4,0,0
Jack Hinshelwood,Right-Back,Brighton & Hove Albion,20000000,19,England,-,10,1,0,3,0,0,1,0,0
Alex Scott,Central Midfield,AFC Bournemouth,20000000,21,England,Guernsey,10,0,0,1,0,6,4,0,0
Javi Guerra,Central Midfield,Valencia CF,20000000,21,Spain,-,8,0,0,1,0,3,5,0,0
Dango Ouattara,Left Winger,AFC Bournemouth,20000000,22,Burkina Faso,-,8,1,1,0,0,4,4,0,0
Vanderson,Right-Back,AS Monaco,20000000,23,Brazil,-,8,1,3,2,0,1,5,0,0
Rodrigo Muniz,Centre-Forward,Fulham FC,20000000,23,Brazil,-,8,1,1,0,0,4,4,0,0
Alberto Moleiro,Attacking Midfield,UD Las Palmas,20000000,21,Spain,Cuba,9,3,0,1,0,1,5,0,0
Milos Kerkez,Left-Back,AFC Bournemouth,20000000,20,Hungary,Serbia,10,0,0,2,0,1,3,0,0
Loïc Badé,Centre-Back,Sevilla FC,20000000,24,France,Cote d'Ivoire,7,0,0,2,0,1,0,0,0
Georges Mikautadze,Centre-Forward,Olympique Lyon,20000000,23,Georgia,France,13,1,1,0,0,6,4,0,0
Jacob Greaves,Centre-Back,Ipswich Town,20000000,24,England,-,7,0,0,1,0,0,0,0,0
Johnny Cardoso,Defensive Midfield,Real Betis Balompié,20000000,23,United States,Italy,11,0,0,1,0,4,3,0,0
Orri Óskarsson,Centre-Forward,Real Sociedad,20000000,20,Iceland,-,24,11,1,2,0,9,8,0,0
El Bilal Touré,Centre-Forward,VfB Stuttgart,20000000,23,Mali,Cote d'Ivoire,8,1,0,0,0,7,1,0,0
Beñat Turrientes,Central Midfield,Real Sociedad,20000000,22,Spain,-,10,0,0,2,0,4,3,0,0
Enzo Le Fée,Central Midfield,AS Roma,20000000,24,France,-,2,0,0,0,0,1,1,0,0
Manu Koné,Central Midfield,AS Roma,20000000,23,France,Cote d'Ivoire,10,0,0,3,0,4,2,0,0
Matteo Ruggeri,Left Midfield,Atalanta BC,20000000,22,Italy,-,8,0,1,0,0,1,3,0,0
Ander Barrenetxea,Left Winger,Real Sociedad,20000000,22,Spain,-,9,1,1,1,0,5,4,0,0
Rayan Cherki,Attacking Midfield,Olympique Lyon,20000000,21,France,Algeria,6,2,3,3,0,2,4,0,0
Toti,Centre-Back,Wolverhampton Wanderers,20000000,25,Portugal,Guinea-Bissau,7,0,1,3,0,1,0,0,0
Antony,Right Winger,Manchester United,20000000,24,Brazil,-,4,1,0,0,0,3,0,0,0
Beto,Centre-Forward,Everton FC,20000000,26,Guinea-Bissau,Portugal,7,3,1,0,0,4,1,0,0
Arnaud Kalimuendo,Centre-Forward,Stade Rennais FC,20000000,22,France,DR Congo,7,3,1,0,0,1,4,0,0
Pierre Kalulu,Centre-Back,Juventus FC,20000000,24,France,DR Congo,8,0,0,0,0,1,1,0,0
Filip Jørgensen,Goalkeeper,Chelsea FC,20000000,22,Denmark,Sweden,4,0,0,0,0,0,0,0,0
Antoine Semenyo,Right Winger,AFC Bournemouth,20000000,24,Ghana,England,9,3,1,3,0,1,2,0,0
Martin Baturina,Attacking Midfield,GNK Dinamo Zagreb,20000000,21,Croatia,-,16,3,8,2,0,2,13,0,0
Leonardo Balerdi,Centre-Back,Olympique Marseille,20000000,25,Argentina,Italy,4,0,0,1,0,0,0,1,0
Strahinja Pavlović,Centre-Back,AC Milan,20000000,23,Serbia,-,10,1,0,2,1,1,0,0,0
Gabriel Sara,Central Midfield,Galatasaray,20000000,25,Brazil,-,12,2,3,0,0,1,5,0,0
